	GATAGAAGTCTGTCAA	TGATTTCTCGTCTACC	AGATCGTGTATCGTTG	TTGATGGGTGTTGAGG	CTGCATCCAAAGAACT	TATATCCCAATAGTGA	TCCTAATAGGTCGTCC	CAGGGCTTCGACACCG	TGTTCATAGCTCCACG	ACGATGTAGCTCGCAC	GAACACTTCACCTACC	GTCCCATGTGTGCTTA
bcd_P01A01-TTACCGAC	4	5	49	1	67	277	39	1	355	7	62	10
bcd_P02A02-AGTGACCT	0	6	52	0	24	4	46	8	176	3	44	3
bcd_P03A03-TCGGATTC	8	22	23125	6	53	22	53	10	363	1	102	21
bcd_P05A05-TCCTCATG	8	13	81	5	74	1	44	8	308	51	105	7
bcd_P07A07-CGAATACG	6	27	164	5	81	14	91	50	523	179721	110	13
bcd_P08A08-TCTAGGAG	14	14	83	5	68	6	66	6	314	12	110	12
bcd_P10A10-CGTATCTC	4	33	134	123118	145	12	77	14	499	7	139	11
bcd_P11A11-GTACACCT	2	89	137	2	73	3	67	5	524	15	70	5
bcd_P18B06-CCTTCCAT	12	53	132	11	149	5	86	12	568	5	132	20
bcd_P19B07-GTCCTTGA	15	22	139	1	77764	8	119	14	489	5	162	11
bcd_P20B08-TGCGTAAC	10	16	104	2	46	5	68	37	237	9	60	7
bcd_P21B09-CACAGACT	4	35	102	4	117	10	187	6	433	7	98	11
bcd_P22B10-TTACGTGC	3	9	42	2	10945	4	41	4	154	5	45	4
bcd_P24B12-CACGCAAT	7	15	103	5	81	16	66	10	472	8	39432	9
bcd_P25C01-TTCCAGGT	252	9	46	2	36	7	21	1	111	2	36	1
bcd_P26C02-TCATCTCC	5	20	85	2	77	23	69	2	389	12	99	11
bcd_P27C03-GAGAGTAC	7	20	153	1	65	9	26901	12	647	14	2207	7
bcd_P28C04-GTCGTTAC	3	8	114	3	57	3	37	5	588	31	88	4
bcd_P29C05-GGAGGAAT	6	36	136	4	82	14	123	8	543	4	511	12
bcd_P31C07-CAGTGCTT	6	33	109	2	52	3	65	7	300	4	286	1
bcd_P32C08-CTTGCTAG	12	30	191	13	119	6	139	18	730	10	510	737
bcd_P33C09-TGGAAGCA	5	20	147	9	85	11	119	9	652	5	123	5
bcd_P34C10-AGCTAAGC	7	5	70	2	48	5	43	4	37314	17	52	1
bcd_P35C11-GAACGGTT	27811	16	105	11	79	2	21429	23062	550	24	100	5075
bcd_P36C12-GGAATGTC	7	15	79	3	48	10	45	8	43068	5	57	18
bcd_P38D2-CCAGTATC	9	18	108	1	47	8	77	12	448	11	100	10
bcd_P39D3-TCTACGCA	3	25	78	0	41	1	48	4	314	1	70	6
bcd_P40D4-GTAACCGA	5	39	116	2	80	3	29733	11	668	2	106	7
bcd_P41D5-GACGTCAT	5	23	123	2	100	4	72	9	591	4	121	10
bcd_P42D6-CTTACAGC	3	43	148	4	84	7	117	6	413	16	26150	5
bcd_P43D7-TCCATTGC	19	31	103	12	145	8	86	14	510	4	153	23
bcd_P44D8-AGCGAGAT	10	25	2604	7	83	10	63	11	349	3	75	4
bcd_P45D9-CAATAGCC	3	16	2369	2	84	10	41	6	336	8	78	11
bcd_P46D10-AAGACACC	10	43	149	9	93	7	153	17	574	6	128	13
bcd_P47D11-CCAGTTGA	14	63	137	24	95	10	123	4	762	18	214	25
bcd_P48D12-TGGTGAAG	4	14	85	2	34	6	64	6	228	8	66	3
bcd_P49E1-AAGACCGT	3	15	145	3	46	18	70	3	456	7	82	10
bcd_P66F6-AGACGCTA	3	31	59	3	46	2	42	7	306	2	41	3
bcd_P67F7-ATAACGCC	5	28	83	1	44	3	53	217	362	4	63	6
bcd_P68F8-GAATCACC	7	27	122	9	98	8	67	11	591	11	121	633
bcd_P69F9-GGCAAGTT	3	9	63	0	33	4	42	0	181	5	38	2
bcd_P70F10-GATCTTGC	2	20	116	9	97	3	100	10	446	7	41396	20
bcd_P50E2-TTGCGAGA	9	18	89	0	124	1	55	8	355	7	95	16
bcd_P51E3-GCAATTCC	6	82	138	4	83	7	76	1720	411	3	139	13
bcd_P52E4-GAATCCGT	6	18	108	9	100	8	56	3	371	4	107	8
bcd_P53E5-CCGCTTAA	13	35	167	8	94	8	139	10	597	11	163	16
bcd_P54E6-TACCTGCA	11	19	77	1	88	5	75	5	562	12	120	11
bcd_P55E7-GTCGATTG	8	34	127	3	82	4	78	22	450	11	21195	5
bcd_P56E8-TATGGCAC	6	23	138	15	57	5	76	9	445	23	109	6
bcd_P57E9-CTCGAACA	6	42	91	5	57	6	68	5	279	15	97	22
bcd_P58E10-CAACTCCA	14	43606	128	37	113	20	112	38	463	30	41411	22
bcd_P59E11-GTCATCGT	9	18	85	3	75	12	73	4	523	11	90	9
bcd_P60E12-GGACATCA	4	21	157	5	70	5	78	5	362	10	87	9
bcd_P61F1-CAGGTTCA	7	40	90	10	55	6	70	9	368	7	74	8
bcd_P62F2-GAACGAAG	238	20	108	4	46711	6	258	282	526	16	122	113
bcd_P63F3-CTCAGAAG	14	15	104	12	43812	5	65	13	336	17	72	28062
bcd_P64F4-CATGAGCA	8	17	211	9	72	12	83	4	579	56	124	12
bcd_P65F5-GACGAACT	9	52	202	14	80	4	81	2367	454	19	40326	12
unmapped	716	495	1161	1708	70670	26865	1754	982	8671	2599	4901	1821
